0;0
1;2
2;6
3;12
4;20
5;30
6;42
7;56
8;72
9;90
10;110
11;132
12;156
13;182
14;210
15;240
16;272
17;306
18;342
19;380
20;420
21;462
22;506
23;552
24;600
25;650
26;702
27;756
28;812
29;870
30;930
31;992
32;1056
33;1122
34;1190
35;1260
36;1332
37;1406
38;1482
39;1560
40;1640
41;1722
42;1806
43;1892
44;1980
45;2070
46;2162
47;2256
48;2352
49;2450
50;2550
51;2652
52;2756
53;2862
54;2970
55;3080
56;3192
57;3306
58;3422
59;3540
60;3660
61;3782
62;3906
63;4032
64;4160
65;4290
66;4422
67;4556
68;4692
69;4830
70;4970
71;5112
72;5256
73;5402
74;5550
75;5700
76;5852
77;6006
78;6162
79;6320
80;6480
81;6642
82;6806
83;6972
84;7140
85;7310
86;7482
87;7656
88;7832
89;8010
90;8190
91;8372
92;8556
93;8742
94;8930
95;9120
96;9312
97;9506
98;9702
99;9900
100;10100
101;10302
102;10506
103;10712
104;10920
105;11130
106;11342
107;11556
108;11772
109;11990
110;12210
111;12432
112;12656
113;12882
114;13110
115;13340
116;13572
117;13806
118;14042
119;14280
120;14520
121;14762
122;15006
123;15252
124;15500
125;15750
126;16002
127;16256
128;16512
129;16770
130;17030
131;17292
132;17556
133;17822
134;18090
135;18360
136;18632
137;18906
138;19182
139;19460
140;19740
141;20022
142;20306
143;20592
144;20880
145;21170
146;21462
147;21756
148;22052
149;22350
150;22650
151;22952
152;23256
153;23562
154;23870
155;24180
156;24492
157;24806
158;25122
159;25440
160;25760
161;26082
162;26406
163;26732
164;27060
165;27390
166;27722
167;28056
168;28392
169;28730
170;29070
171;29412
172;29756
173;30102
174;30450
175;30800
176;31152
177;31506
178;31862
179;32220
180;32580
181;32942
182;33306
183;33672
184;34040
185;34410
186;34782
187;35156
188;35532
189;35910
190;36290
191;36672
192;37056
193;37442
194;37830
195;38220
196;38612
197;39006
198;39402
199;39800
200;40200
201;40602
202;41006
203;41412
204;41820
205;42230
206;42642
207;43056
208;43472
209;43890
210;44310
211;44732
212;45156
213;45582
214;46010
215;46440
216;46872
217;47306
218;47742
219;48180
220;48620
221;49062
222;49506
223;49952
224;50400
225;50850
226;51302
227;51756
228;52212
229;52670
230;53130
231;53592
232;54056
233;54522
234;54990
235;55460
236;55932
237;56406
238;56882
239;57360
240;57840
241;58322
242;58806
243;59292
244;59780
245;60270
246;60762
247;61256
248;61752
249;62250
250;62750
251;63252
252;63756
253;64262
254;64770
255;65280
256;65792
257;66306
258;66822
259;67340
260;67860
261;68382
262;68906
263;69432
264;69960
265;70490
266;71022
267;71556
268;72092
269;72630
270;73170
271;73712
272;74256
273;74802
274;75350
275;75900
276;76452
277;77006
278;77562
279;78120
280;78680
281;79242
282;79806
283;80372
284;80940
285;81510
286;82082
287;82656
288;83232
289;83810
290;84390
291;84972
292;85556
293;86142
294;86730
295;87320
296;87912
297;88506
298;89102
299;89700
300;90300
301;90902
302;91506
303;92112
304;92720
305;93330
306;93942
307;94556
308;95172
309;95790
310;96410
311;97032
312;97656
313;98282
314;98910
315;99540
316;100172
317;100806
318;101442
319;102080
320;102720
321;103362
322;104006
323;104652
324;105300
325;105950
326;106602
327;107256
328;107912
329;108570
330;109230
331;109892
332;110556
333;111222
334;111890
335;112560
336;113232
337;113906
338;114582
339;115260
340;115940
341;116622
342;117306
343;117992
344;118680
345;119370
346;120062
347;120756
348;121452
349;122150
350;122850
351;123552
352;124256
353;124962
354;125670
355;126380
356;127092
357;127806
358;128522
359;129240
360;129960
361;130682
362;131406
363;132132
364;132860
365;133590
366;134322
367;135056
368;135792
369;136530
370;137270
371;138012
372;138756
373;139502
374;140250
375;141000
376;141752
377;142506
378;143262
379;144020
380;144780
381;145542
382;146306
383;147072
384;147840
385;148610
386;149382
387;150156
388;150932
389;151710
390;152490
391;153272
392;154056
393;154842
394;155630
395;156420
396;157212
397;158006
398;158802
399;159600
400;160400
401;161202
402;162006
403;162812
404;163620
405;164430
406;165242
407;166056
408;166872
409;167690
410;168510
411;169332
412;170156
413;170982
414;171810
415;172640
416;173472
417;174306
418;175142
419;175980
420;176820
421;177662
422;178506
423;179352
424;180200
425;181050
426;181902
427;182756
428;183612
429;184470
430;185330
431;186192
432;187056
433;187922
434;188790
435;189660
436;190532
437;191406
438;192282
439;193160
440;194040
441;194922
442;195806
443;196692
444;197580
445;198470
446;199362
447;200256
448;201152
449;202050
450;202950
451;203852
452;204756
453;205662
454;206570
455;207480
456;208392
457;209306
458;210222
459;211140
460;212060
461;212982
462;213906
463;214832
464;215760
465;216690
466;217622
467;218556
468;219492
469;220430
470;221370
471;222312
472;223256
473;224202
474;225150
475;226100
476;227052
477;228006
478;228962
479;229920
480;230880
481;231842
482;232806
483;233772
484;234740
485;235710
486;236682
487;237656
488;238632
489;239610
490;240590
491;241572
492;242556
493;243542
494;244530
495;245520
496;246512
497;247506
498;248502
499;249500
500;250500
501;251502
502;252506
503;253512
504;254520
505;255530
506;256542
507;257556
508;258572
509;259590
510;260610
511;261632
512;262656
513;263682
514;264710
515;265740
516;266772
517;267806
518;268842
519;269880
520;270920
521;271962
522;273006
523;274052
524;275100
525;276150
526;277202
527;278256
528;279312
529;280370
530;281430
531;282492
532;283556
533;284622
534;285690
535;286760
536;287832
537;288906
538;289982
539;291060
540;292140
541;293222
542;294306
543;295392
544;296480
545;297570
546;298662
547;299756
548;300852
549;301950
550;303050
551;304152
552;305256
553;306362
554;307470
555;308580
556;309692
557;310806
558;311922
559;313040
560;314160
561;315282
562;316406
563;317532
564;318660
565;319790
566;320922
567;322056
568;323192
569;324330
570;325470
571;326612
572;327756
573;328902
574;330050
575;331200
576;332352
577;333506
578;334662
579;335820
580;336980
581;338142
582;339306
583;340472
584;341640
585;342810
586;343982
587;345156
588;346332
589;347510
590;348690
591;349872
592;351056
593;352242
594;353430
595;354620
596;355812
597;357006
598;358202
599;359400
600;360600
601;361802
602;363006
603;364212
604;365420
605;366630
606;367842
607;369056
608;370272
609;371490
610;372710
611;373932
612;375156
613;376382
614;377610
615;378840
616;380072
617;381306
618;382542
619;383780
620;385020
621;386262
622;387506
623;388752
624;390000
625;391250
626;392502
627;393756
628;395012
629;396270
630;397530
631;398792
632;400056
633;401322
634;402590
635;403860
636;405132
637;406406
638;407682
639;408960
640;410240
641;411522
642;412806
643;414092
644;415380
645;416670
646;417962
647;419256
648;420552
649;421850
650;423150
651;424452
652;425756
653;427062
654;428370
655;429680
656;430992
657;432306
658;433622
659;434940
660;436260
661;437582
662;438906
663;440232
664;441560
665;442890
666;444222
667;445556
668;446892
669;448230
670;449570
671;450912
672;452256
673;453602
674;454950
675;456300
676;457652
677;459006
678;460362
679;461720
680;463080
681;464442
682;465806
683;467172
684;468540
685;469910
686;471282
687;472656
688;474032
689;475410
690;476790
691;478172
692;479556
693;480942
694;482330
695;483720
696;485112
697;486506
698;487902
699;489300
700;490700
701;492102
702;493506
703;494912
704;496320
705;497730
706;499142
707;500556
708;501972
709;503390
710;504810
711;506232
712;507656
713;509082
714;510510
715;511940
716;513372
717;514806
718;516242
719;517680
720;519120
721;520562
722;522006
723;523452
724;524900
725;526350
726;527802
727;529256
728;530712
729;532170
730;533630
731;535092
732;536556
733;538022
734;539490
735;540960
736;542432
737;543906
738;545382
739;546860
740;548340
741;549822
742;551306
743;552792
744;554280
745;555770
746;557262
747;558756
748;560252
749;561750
750;563250
751;564752
752;566256
753;567762
754;569270
755;570780
756;572292
757;573806
758;575322
759;576840
760;578360
761;579882
762;581406
763;582932
764;584460
765;585990
766;587522
767;589056
768;590592
769;592130
770;593670
771;595212
772;596756
773;598302
774;599850
775;601400
776;602952
777;604506
778;606062
779;607620
780;609180
781;610742
782;612306
783;613872
784;615440
785;617010
786;618582
787;620156
788;621732
789;623310
790;624890
791;626472
792;628056
793;629642
794;631230
795;632820
796;634412
797;636006
798;637602
799;639200
800;640800
801;642402
802;644006
803;645612
804;647220
805;648830
806;650442
807;652056
808;653672
809;655290
810;656910
811;658532
812;660156
813;661782
814;663410
815;665040
816;666672
817;668306
818;669942
819;671580
820;673220
821;674862
822;676506
823;678152
824;679800
825;681450
826;683102
827;684756
828;686412
829;688070
830;689730
831;691392
832;693056
833;694722
834;696390
835;698060
836;699732
837;701406
838;703082
839;704760
840;706440
841;708122
842;709806
843;711492
844;713180
845;714870
846;716562
847;718256
848;719952
849;721650
850;723350
851;725052
852;726756
853;728462
854;730170
855;731880
856;733592
857;735306
858;737022
859;738740
860;740460
861;742182
862;743906
863;745632
864;747360
865;749090
866;750822
867;752556
868;754292
869;756030
870;757770
871;759512
872;761256
873;763002
874;764750
875;766500
876;768252
877;770006
878;771762
879;773520
880;775280
881;777042
882;778806
883;780572
884;782340
885;784110
886;785882
887;787656
888;789432
889;791210
890;792990
891;794772
892;796556
893;798342
894;800130
895;801920
896;803712
897;805506
898;807302
899;809100
900;810900
901;812702
902;814506
903;816312
904;818120
905;819930
906;821742
907;823556
908;825372
909;827190
910;829010
911;830832
912;832656
913;834482
914;836310
915;838140
916;839972
917;841806
918;843642
919;845480
920;847320
921;849162
922;851006
923;852852
924;854700
925;856550
926;858402
927;860256
928;862112
929;863970
930;865830
931;867692
932;869556
933;871422
934;873290
935;875160
936;877032
937;878906
938;880782
939;882660
940;884540
941;886422
942;888306
943;890192
944;892080
945;893970
946;895862
947;897756
948;899652
949;901550
950;903450
951;905352
952;907256
953;909162
954;911070
955;912980
956;914892
957;916806
958;918722
959;920640
960;922560
961;924482
962;926406
963;928332
964;930260
965;932190
966;934122
967;936056
968;937992
969;939930
970;941870
971;943812
972;945756
973;947702
974;949650
975;951600
976;953552
977;955506
978;957462
979;959420
980;961380
981;963342
982;965306
983;967272
984;969240
985;971210
986;973182
987;975156
988;977132
989;979110
990;981090
991;983072
992;985056
993;987042
994;989030
995;991020
996;993012
997;995006
998;997002
999;999000
1000;1.001e+06
1001;1.003e+06
1002;1.00501e+06
1003;1.00701e+06
1004;1.00902e+06
1005;1.01103e+06
1006;1.01304e+06
1007;1.01506e+06
1008;1.01707e+06
1009;1.01909e+06
1010;1.02111e+06
1011;1.02313e+06
1012;1.02516e+06
1013;1.02718e+06
1014;1.02921e+06
1015;1.03124e+06
1016;1.03327e+06
1017;1.03531e+06
1018;1.03734e+06
1019;1.03938e+06
1020;1.04142e+06
1021;1.04346e+06
1022;1.04551e+06
1023;1.04755e+06
1024;1.0496e+06
1025;1.05165e+06
1026;1.0537e+06
1027;1.05576e+06
1028;1.05781e+06
1029;1.05987e+06
1030;1.06193e+06
1031;1.06399e+06
1032;1.06606e+06
1033;1.06812e+06
1034;1.07019e+06
1035;1.07226e+06
1036;1.07433e+06
1037;1.07641e+06
1038;1.07848e+06
1039;1.08056e+06
1040;1.08264e+06
1041;1.08472e+06
1042;1.08681e+06
1043;1.08889e+06
1044;1.09098e+06
1045;1.09307e+06
1046;1.09516e+06
1047;1.09726e+06
1048;1.09935e+06
1049;1.10145e+06
1050;1.10355e+06
1051;1.10565e+06
1052;1.10776e+06
1053;1.10986e+06
1054;1.11197e+06
1055;1.11408e+06
1056;1.11619e+06
1057;1.11831e+06
1058;1.12042e+06
1059;1.12254e+06
1060;1.12466e+06
1061;1.12678e+06
1062;1.12891e+06
1063;1.13103e+06
1064;1.13316e+06
1065;1.13529e+06
1066;1.13742e+06
1067;1.13956e+06
1068;1.14169e+06
1069;1.14383e+06
1070;1.14597e+06
1071;1.14811e+06
1072;1.15026e+06
1073;1.1524e+06
1074;1.15455e+06
1075;1.1567e+06
1076;1.15885e+06
1077;1.16101e+06
1078;1.16316e+06
1079;1.16532e+06
1080;1.16748e+06
1081;1.16964e+06
1082;1.17181e+06
1083;1.17397e+06
1084;1.17614e+06
1085;1.17831e+06
1086;1.18048e+06
1087;1.18266e+06
1088;1.18483e+06
1089;1.18701e+06
1090;1.18919e+06
1091;1.19137e+06
1092;1.19356e+06
1093;1.19574e+06
1094;1.19793e+06
1095;1.20012e+06
1096;1.20231e+06
1097;1.20451e+06
1098;1.2067e+06
1099;1.2089e+06
1100;1.2111e+06
1101;1.2133e+06
1102;1.21551e+06
1103;1.21771e+06
1104;1.21992e+06
1105;1.22213e+06
1106;1.22434e+06
1107;1.22656e+06
1108;1.22877e+06
1109;1.23099e+06
1110;1.23321e+06
1111;1.23543e+06
1112;1.23766e+06
1113;1.23988e+06
1114;1.24211e+06
1115;1.24434e+06
1116;1.24657e+06
1117;1.24881e+06
1118;1.25104e+06
1119;1.25328e+06
1120;1.25552e+06
1121;1.25776e+06
1122;1.26001e+06
1123;1.26225e+06
1124;1.2645e+06
1125;1.26675e+06
1126;1.269e+06
1127;1.27126e+06
1128;1.27351e+06
1129;1.27577e+06
1130;1.27803e+06
1131;1.28029e+06
1132;1.28256e+06
1133;1.28482e+06
1134;1.28709e+06
1135;1.28936e+06
1136;1.29163e+06
1137;1.29391e+06
1138;1.29618e+06
1139;1.29846e+06
1140;1.30074e+06
1141;1.30302e+06
1142;1.30531e+06
1143;1.30759e+06
1144;1.30988e+06
1145;1.31217e+06
1146;1.31446e+06
1147;1.31676e+06
1148;1.31905e+06
1149;1.32135e+06
1150;1.32365e+06
1151;1.32595e+06
1152;1.32826e+06
1153;1.33056e+06
1154;1.33287e+06
1155;1.33518e+06
1156;1.33749e+06
1157;1.33981e+06
1158;1.34212e+06
1159;1.34444e+06
1160;1.34676e+06
1161;1.34908e+06
1162;1.35141e+06
1163;1.35373e+06
1164;1.35606e+06
1165;1.35839e+06
1166;1.36072e+06
1167;1.36306e+06
1168;1.36539e+06
1169;1.36773e+06
1170;1.37007e+06
1171;1.37241e+06
1172;1.37476e+06
1173;1.3771e+06
1174;1.37945e+06
1175;1.3818e+06
1176;1.38415e+06
1177;1.38651e+06
1178;1.38886e+06
1179;1.39122e+06
1180;1.39358e+06
1181;1.39594e+06
1182;1.39831e+06
1183;1.40067e+06
1184;1.40304e+06
1185;1.40541e+06
1186;1.40778e+06
1187;1.41016e+06
1188;1.41253e+06
1189;1.41491e+06
1190;1.41729e+06
1191;1.41967e+06
1192;1.42206e+06
1193;1.42444e+06
1194;1.42683e+06
1195;1.42922e+06
1196;1.43161e+06
1197;1.43401e+06
1198;1.4364e+06
1199;1.4388e+06
1200;1.4412e+06
1201;1.4436e+06
1202;1.44601e+06
1203;1.44841e+06
1204;1.45082e+06
1205;1.45323e+06
1206;1.45564e+06
1207;1.45806e+06
1208;1.46047e+06
1209;1.46289e+06
1210;1.46531e+06
1211;1.46773e+06
1212;1.47016e+06
1213;1.47258e+06
1214;1.47501e+06
1215;1.47744e+06
1216;1.47987e+06
1217;1.48231e+06
1218;1.48474e+06
1219;1.48718e+06
1220;1.48962e+06
1221;1.49206e+06
1222;1.49451e+06
1223;1.49695e+06
1224;1.4994e+06
1225;1.50185e+06
1226;1.5043e+06
1227;1.50676e+06
1228;1.50921e+06
1229;1.51167e+06
1230;1.51413e+06
1231;1.51659e+06
1232;1.51906e+06
1233;1.52152e+06
1234;1.52399e+06
1235;1.52646e+06
1236;1.52893e+06
1237;1.53141e+06
1238;1.53388e+06
1239;1.53636e+06
1240;1.53884e+06
1241;1.54132e+06
1242;1.54381e+06
1243;1.54629e+06
1244;1.54878e+06
1245;1.55127e+06
1246;1.55376e+06
1247;1.55626e+06
1248;1.55875e+06
1249;1.56125e+06
1250;1.56375e+06
1251;1.56625e+06
1252;1.56876e+06
1253;1.57126e+06
1254;1.57377e+06
1255;1.57628e+06
1256;1.57879e+06
1257;1.58131e+06
1258;1.58382e+06
1259;1.58634e+06
1260;1.58886e+06
1261;1.59138e+06
1262;1.59391e+06
1263;1.59643e+06
1264;1.59896e+06
1265;1.60149e+06
1266;1.60402e+06
1267;1.60656e+06
1268;1.60909e+06
1269;1.61163e+06
1270;1.61417e+06
1271;1.61671e+06
1272;1.61926e+06
1273;1.6218e+06
1274;1.62435e+06
1275;1.6269e+06
1276;1.62945e+06
1277;1.63201e+06
1278;1.63456e+06
1279;1.63712e+06
1280;1.63968e+06
1281;1.64224e+06
1282;1.64481e+06
1283;1.64737e+06
1284;1.64994e+06
1285;1.65251e+06
1286;1.65508e+06
1287;1.65766e+06
1288;1.66023e+06
1289;1.66281e+06
1290;1.66539e+06
1291;1.66797e+06
1292;1.67056e+06
1293;1.67314e+06
1294;1.67573e+06
1295;1.67832e+06
1296;1.68091e+06
1297;1.68351e+06
1298;1.6861e+06
1299;1.6887e+06
1300;1.6913e+06
1301;1.6939e+06
1302;1.69651e+06
1303;1.69911e+06
1304;1.70172e+06
1305;1.70433e+06
1306;1.70694e+06
1307;1.70956e+06
1308;1.71217e+06
1309;1.71479e+06
1310;1.71741e+06
1311;1.72003e+06
1312;1.72266e+06
1313;1.72528e+06
1314;1.72791e+06
1315;1.73054e+06
1316;1.73317e+06
1317;1.73581e+06
1318;1.73844e+06
1319;1.74108e+06
1320;1.74372e+06
1321;1.74636e+06
1322;1.74901e+06
1323;1.75165e+06
1324;1.7543e+06
1325;1.75695e+06
1326;1.7596e+06
1327;1.76226e+06
1328;1.76491e+06
1329;1.76757e+06
1330;1.77023e+06
1331;1.77289e+06
1332;1.77556e+06
1333;1.77822e+06
1334;1.78089e+06
1335;1.78356e+06
1336;1.78623e+06
1337;1.78891e+06
1338;1.79158e+06
1339;1.79426e+06
1340;1.79694e+06
1341;1.79962e+06
1342;1.80231e+06
1343;1.80499e+06
1344;1.80768e+06
1345;1.81037e+06
1346;1.81306e+06
1347;1.81576e+06
1348;1.81845e+06
1349;1.82115e+06
1350;1.82385e+06
1351;1.82655e+06
1352;1.82926e+06
1353;1.83196e+06
1354;1.83467e+06
1355;1.83738e+06
1356;1.84009e+06
1357;1.84281e+06
1358;1.84552e+06
1359;1.84824e+06
1360;1.85096e+06
1361;1.85368e+06
1362;1.85641e+06
1363;1.85913e+06
1364;1.86186e+06
1365;1.86459e+06
1366;1.86732e+06
1367;1.87006e+06
1368;1.87279e+06
1369;1.87553e+06
1370;1.87827e+06
1371;1.88101e+06
1372;1.88376e+06
1373;1.8865e+06
1374;1.88925e+06
1375;1.892e+06
1376;1.89475e+06
1377;1.89751e+06
1378;1.90026e+06
1379;1.90302e+06
1380;1.90578e+06
1381;1.90854e+06
1382;1.91131e+06
1383;1.91407e+06
1384;1.91684e+06
1385;1.91961e+06
1386;1.92238e+06
1387;1.92516e+06
1388;1.92793e+06
1389;1.93071e+06
1390;1.93349e+06
1391;1.93627e+06
1392;1.93906e+06
1393;1.94184e+06
1394;1.94463e+06
1395;1.94742e+06
1396;1.95021e+06
1397;1.95301e+06
1398;1.9558e+06
1399;1.9586e+06
1400;1.9614e+06
1401;1.9642e+06
1402;1.96701e+06
1403;1.96981e+06
1404;1.97262e+06
1405;1.97543e+06
1406;1.97824e+06
1407;1.98106e+06
1408;1.98387e+06
1409;1.98669e+06
1410;1.98951e+06
1411;1.99233e+06
1412;1.99516e+06
1413;1.99798e+06
1414;2.00081e+06
1415;2.00364e+06
1416;2.00647e+06
1417;2.00931e+06
1418;2.01214e+06
1419;2.01498e+06
1420;2.01782e+06
1421;2.02066e+06
1422;2.02351e+06
1423;2.02635e+06
1424;2.0292e+06
1425;2.03205e+06
1426;2.0349e+06
1427;2.03776e+06
1428;2.04061e+06
1429;2.04347e+06
1430;2.04633e+06
1431;2.04919e+06
1432;2.05206e+06
1433;2.05492e+06
1434;2.05779e+06
1435;2.06066e+06
1436;2.06353e+06
1437;2.06641e+06
1438;2.06928e+06
1439;2.07216e+06
1440;2.07504e+06
1441;2.07792e+06
1442;2.08081e+06
1443;2.08369e+06
1444;2.08658e+06
1445;2.08947e+06
1446;2.09236e+06
1447;2.09526e+06
1448;2.09815e+06
1449;2.10105e+06
1450;2.10395e+06
1451;2.10685e+06
1452;2.10976e+06
1453;2.11266e+06
1454;2.11557e+06
1455;2.11848e+06
1456;2.12139e+06
1457;2.12431e+06
1458;2.12722e+06
1459;2.13014e+06
1460;2.13306e+06
1461;2.13598e+06
1462;2.13891e+06
1463;2.14183e+06
1464;2.14476e+06
1465;2.14769e+06
1466;2.15062e+06
1467;2.15356e+06
1468;2.15649e+06
1469;2.15943e+06
1470;2.16237e+06
1471;2.16531e+06
1472;2.16826e+06
1473;2.1712e+06
1474;2.17415e+06
1475;2.1771e+06
1476;2.18005e+06
1477;2.18301e+06
1478;2.18596e+06
1479;2.18892e+06
1480;2.19188e+06
1481;2.19484e+06
1482;2.19781e+06
1483;2.20077e+06
1484;2.20374e+06
1485;2.20671e+06
1486;2.20968e+06
1487;2.21266e+06
1488;2.21563e+06
1489;2.21861e+06
1490;2.22159e+06
1491;2.22457e+06
1492;2.22756e+06
1493;2.23054e+06
1494;2.23353e+06
1495;2.23652e+06
1496;2.23951e+06
1497;2.24251e+06
1498;2.2455e+06
1499;2.2485e+06
1500;2.2515e+06
1501;2.2545e+06
1502;2.25751e+06
1503;2.26051e+06
1504;2.26352e+06
1505;2.26653e+06
1506;2.26954e+06
1507;2.27256e+06
1508;2.27557e+06
1509;2.27859e+06
1510;2.28161e+06
1511;2.28463e+06
1512;2.28766e+06
1513;2.29068e+06
1514;2.29371e+06
1515;2.29674e+06
1516;2.29977e+06
1517;2.30281e+06
1518;2.30584e+06
1519;2.30888e+06
1520;2.31192e+06
1521;2.31496e+06
1522;2.31801e+06
1523;2.32105e+06
1524;2.3241e+06
1525;2.32715e+06
1526;2.3302e+06
1527;2.33326e+06
1528;2.33631e+06
1529;2.33937e+06
1530;2.34243e+06
1531;2.34549e+06
1532;2.34856e+06
1533;2.35162e+06
1534;2.35469e+06
1535;2.35776e+06
1536;2.36083e+06
1537;2.36391e+06
1538;2.36698e+06
1539;2.37006e+06
1540;2.37314e+06
1541;2.37622e+06
1542;2.37931e+06
1543;2.38239e+06
1544;2.38548e+06
1545;2.38857e+06
1546;2.39166e+06
1547;2.39476e+06
1548;2.39785e+06
1549;2.40095e+06
1550;2.40405e+06
1551;2.40715e+06
1552;2.41026e+06
1553;2.41336e+06
1554;2.41647e+06
1555;2.41958e+06
1556;2.42269e+06
1557;2.42581e+06
1558;2.42892e+06
1559;2.43204e+06
1560;2.43516e+06
1561;2.43828e+06
1562;2.44141e+06
1563;2.44453e+06
1564;2.44766e+06
1565;2.45079e+06
1566;2.45392e+06
1567;2.45706e+06
1568;2.46019e+06
1569;2.46333e+06
1570;2.46647e+06
1571;2.46961e+06
1572;2.47276e+06
1573;2.4759e+06
1574;2.47905e+06
1575;2.4822e+06
1576;2.48535e+06
1577;2.48851e+06
1578;2.49166e+06
1579;2.49482e+06
1580;2.49798e+06
1581;2.50114e+06
1582;2.50431e+06
1583;2.50747e+06
1584;2.51064e+06
1585;2.51381e+06
1586;2.51698e+06
1587;2.52016e+06
1588;2.52333e+06
1589;2.52651e+06
1590;2.52969e+06
1591;2.53287e+06
1592;2.53606e+06
1593;2.53924e+06
1594;2.54243e+06
1595;2.54562e+06
1596;2.54881e+06
1597;2.55201e+06
1598;2.5552e+06
1599;2.5584e+06
1600;2.5616e+06
1601;2.5648e+06
1602;2.56801e+06
1603;2.57121e+06
1604;2.57442e+06
1605;2.57763e+06
1606;2.58084e+06
1607;2.58406e+06
1608;2.58727e+06
1609;2.59049e+06
1610;2.59371e+06
1611;2.59693e+06
1612;2.60016e+06
1613;2.60338e+06
1614;2.60661e+06
1615;2.60984e+06
1616;2.61307e+06
1617;2.61631e+06
1618;2.61954e+06
1619;2.62278e+06
1620;2.62602e+06
1621;2.62926e+06
1622;2.63251e+06
1623;2.63575e+06
1624;2.639e+06
1625;2.64225e+06
1626;2.6455e+06
1627;2.64876e+06
1628;2.65201e+06
1629;2.65527e+06
1630;2.65853e+06
1631;2.66179e+06
1632;2.66506e+06
1633;2.66832e+06
1634;2.67159e+06
1635;2.67486e+06
1636;2.67813e+06
1637;2.68141e+06
1638;2.68468e+06
1639;2.68796e+06
1640;2.69124e+06
1641;2.69452e+06
1642;2.69781e+06
1643;2.70109e+06
1644;2.70438e+06
1645;2.70767e+06
1646;2.71096e+06
1647;2.71426e+06
1648;2.71755e+06
1649;2.72085e+06
1650;2.72415e+06
1651;2.72745e+06
1652;2.73076e+06
1653;2.73406e+06
1654;2.73737e+06
1655;2.74068e+06
1656;2.74399e+06
1657;2.74731e+06
1658;2.75062e+06
1659;2.75394e+06
1660;2.75726e+06
1661;2.76058e+06
1662;2.76391e+06
1663;2.76723e+06
1664;2.77056e+06
1665;2.77389e+06
1666;2.77722e+06
1667;2.78056e+06
1668;2.78389e+06
1669;2.78723e+06
1670;2.79057e+06
1671;2.79391e+06
1672;2.79726e+06
1673;2.8006e+06
1674;2.80395e+06
1675;2.8073e+06
1676;2.81065e+06
1677;2.81401e+06
1678;2.81736e+06
1679;2.82072e+06
1680;2.82408e+06
1681;2.82744e+06
1682;2.83081e+06
1683;2.83417e+06
1684;2.83754e+06
1685;2.84091e+06
1686;2.84428e+06
1687;2.84766e+06
1688;2.85103e+06
1689;2.85441e+06
1690;2.85779e+06
1691;2.86117e+06
1692;2.86456e+06
1693;2.86794e+06
1694;2.87133e+06
1695;2.87472e+06
1696;2.87811e+06
1697;2.88151e+06
1698;2.8849e+06
1699;2.8883e+06
1700;2.8917e+06
1701;2.8951e+06
1702;2.89851e+06
1703;2.90191e+06
1704;2.90532e+06
1705;2.90873e+06
1706;2.91214e+06
1707;2.91556e+06
1708;2.91897e+06
1709;2.92239e+06
1710;2.92581e+06
1711;2.92923e+06
1712;2.93266e+06
1713;2.93608e+06
1714;2.93951e+06
1715;2.94294e+06
1716;2.94637e+06
1717;2.94981e+06
1718;2.95324e+06
1719;2.95668e+06
1720;2.96012e+06
1721;2.96356e+06
1722;2.96701e+06
1723;2.97045e+06
1724;2.9739e+06
1725;2.97735e+06
1726;2.9808e+06
1727;2.98426e+06
1728;2.98771e+06
1729;2.99117e+06
1730;2.99463e+06
1731;2.99809e+06
1732;3.00156e+06
1733;3.00502e+06
1734;3.00849e+06
1735;3.01196e+06
1736;3.01543e+06
1737;3.01891e+06
1738;3.02238e+06
1739;3.02586e+06
1740;3.02934e+06
1741;3.03282e+06
1742;3.03631e+06
1743;3.03979e+06
1744;3.04328e+06
1745;3.04677e+06
1746;3.05026e+06
1747;3.05376e+06
1748;3.05725e+06
1749;3.06075e+06
1750;3.06425e+06
1751;3.06775e+06
1752;3.07126e+06
1753;3.07476e+06
1754;3.07827e+06
1755;3.08178e+06
1756;3.08529e+06
1757;3.08881e+06
1758;3.09232e+06
1759;3.09584e+06
1760;3.09936e+06
1761;3.10288e+06
1762;3.10641e+06
1763;3.10993e+06
1764;3.11346e+06
1765;3.11699e+06
1766;3.12052e+06
1767;3.12406e+06
1768;3.12759e+06
1769;3.13113e+06
1770;3.13467e+06
1771;3.13821e+06
1772;3.14176e+06
1773;3.1453e+06
1774;3.14885e+06
1775;3.1524e+06
1776;3.15595e+06
1777;3.15951e+06
1778;3.16306e+06
1779;3.16662e+06
1780;3.17018e+06
1781;3.17374e+06
1782;3.17731e+06
1783;3.18087e+06
1784;3.18444e+06
1785;3.18801e+06
1786;3.19158e+06
1787;3.19516e+06
1788;3.19873e+06
1789;3.20231e+06
1790;3.20589e+06
1791;3.20947e+06
1792;3.21306e+06
1793;3.21664e+06
1794;3.22023e+06
1795;3.22382e+06
1796;3.22741e+06
1797;3.23101e+06
1798;3.2346e+06
1799;3.2382e+06
1800;3.2418e+06
1801;3.2454e+06
1802;3.24901e+06
1803;3.25261e+06
1804;3.25622e+06
1805;3.25983e+06
1806;3.26344e+06
1807;3.26706e+06
1808;3.27067e+06
1809;3.27429e+06
1810;3.27791e+06
1811;3.28153e+06
1812;3.28516e+06
1813;3.28878e+06
1814;3.29241e+06
1815;3.29604e+06
1816;3.29967e+06
1817;3.30331e+06
1818;3.30694e+06
1819;3.31058e+06
1820;3.31422e+06
1821;3.31786e+06
1822;3.32151e+06
1823;3.32515e+06
1824;3.3288e+06
1825;3.33245e+06
1826;3.3361e+06
1827;3.33976e+06
1828;3.34341e+06
1829;3.34707e+06
1830;3.35073e+06
1831;3.35439e+06
1832;3.35806e+06
1833;3.36172e+06
1834;3.36539e+06
1835;3.36906e+06
1836;3.37273e+06
1837;3.37641e+06
1838;3.38008e+06
1839;3.38376e+06
1840;3.38744e+06
1841;3.39112e+06
1842;3.39481e+06
1843;3.39849e+06
1844;3.40218e+06
1845;3.40587e+06
1846;3.40956e+06
1847;3.41326e+06
1848;3.41695e+06
1849;3.42065e+06
1850;3.42435e+06
1851;3.42805e+06
1852;3.43176e+06
1853;3.43546e+06
1854;3.43917e+06
1855;3.44288e+06
1856;3.44659e+06
1857;3.45031e+06
1858;3.45402e+06
1859;3.45774e+06
1860;3.46146e+06
1861;3.46518e+06
1862;3.46891e+06
1863;3.47263e+06
1864;3.47636e+06
1865;3.48009e+06
1866;3.48382e+06
1867;3.48756e+06
1868;3.49129e+06
1869;3.49503e+06
1870;3.49877e+06
1871;3.50251e+06
1872;3.50626e+06
1873;3.51e+06
1874;3.51375e+06
1875;3.5175e+06
1876;3.52125e+06
1877;3.52501e+06
1878;3.52876e+06
1879;3.53252e+06
1880;3.53628e+06
1881;3.54004e+06
1882;3.54381e+06
1883;3.54757e+06
1884;3.55134e+06
1885;3.55511e+06
1886;3.55888e+06
1887;3.56266e+06
1888;3.56643e+06
1889;3.57021e+06
1890;3.57399e+06
1891;3.57777e+06
1892;3.58156e+06
1893;3.58534e+06
1894;3.58913e+06
1895;3.59292e+06
1896;3.59671e+06
1897;3.60051e+06
1898;3.6043e+06
1899;3.6081e+06
1900;3.6119e+06
1901;3.6157e+06
1902;3.61951e+06
1903;3.62331e+06
1904;3.62712e+06
1905;3.63093e+06
1906;3.63474e+06
1907;3.63856e+06
1908;3.64237e+06
1909;3.64619e+06
1910;3.65001e+06
1911;3.65383e+06
1912;3.65766e+06
1913;3.66148e+06
1914;3.66531e+06
1915;3.66914e+06
1916;3.67297e+06
1917;3.67681e+06
1918;3.68064e+06
1919;3.68448e+06
1920;3.68832e+06
1921;3.69216e+06
1922;3.69601e+06
1923;3.69985e+06
1924;3.7037e+06
1925;3.70755e+06
1926;3.7114e+06
1927;3.71526e+06
1928;3.71911e+06
1929;3.72297e+06
1930;3.72683e+06
1931;3.73069e+06
1932;3.73456e+06
1933;3.73842e+06
1934;3.74229e+06
1935;3.74616e+06
1936;3.75003e+06
1937;3.75391e+06
1938;3.75778e+06
1939;3.76166e+06
1940;3.76554e+06
1941;3.76942e+06
1942;3.77331e+06
1943;3.77719e+06
1944;3.78108e+06
1945;3.78497e+06
1946;3.78886e+06
1947;3.79276e+06
1948;3.79665e+06
1949;3.80055e+06
1950;3.80445e+06
1951;3.80835e+06
1952;3.81226e+06
1953;3.81616e+06
1954;3.82007e+06
1955;3.82398e+06
1956;3.82789e+06
1957;3.83181e+06
1958;3.83572e+06
1959;3.83964e+06
1960;3.84356e+06
1961;3.84748e+06
1962;3.85141e+06
1963;3.85533e+06
1964;3.85926e+06
1965;3.86319e+06
1966;3.86712e+06
1967;3.87106e+06
1968;3.87499e+06
1969;3.87893e+06
1970;3.88287e+06
1971;3.88681e+06
1972;3.89076e+06
1973;3.8947e+06
1974;3.89865e+06
1975;3.9026e+06
1976;3.90655e+06
1977;3.91051e+06
1978;3.91446e+06
1979;3.91842e+06
1980;3.92238e+06
1981;3.92634e+06
1982;3.93031e+06
1983;3.93427e+06
1984;3.93824e+06
1985;3.94221e+06
1986;3.94618e+06
1987;3.95016e+06
1988;3.95413e+06
1989;3.95811e+06
1990;3.96209e+06
1991;3.96607e+06
1992;3.97006e+06
1993;3.97404e+06
1994;3.97803e+06
1995;3.98202e+06
1996;3.98601e+06
1997;3.99001e+06
1998;3.994e+06
1999;3.998e+06
